Rank_in_type,Company,Primary_type,Secondary_types,Size_fit,Sector_fit,Price_band,Best_for,Website,Qualification_method_note,Qualification_score_initial,Recommended_role,Governance,Technical,Operational,Compliance,Governance & ansvar,Politikker & dokumentation,Risikovurdering,Leverandørstyring,Incident response,Logging & monitorering,Identity / MFA / PAM,Asset- og adgangsoverblik,Træning & awareness,Backup / recovery / continuity,Audit / assurance,Best_match_areas,Recommended_when,Dimension_count,Granular_area_count,Blocker_risk_assessment,Blocker_incident_response,Blocker_mfa_access,Adjacent_types,Type_fit_primary_score,Type_fit_adjacent_score,Type_fit_nonmatch_score
1,Poul Schmith / Kammeradvokaten,Legal,,"Mid-market, enterprise",Cross-sector; prioritize critical sectors,Medium-High,Legal + regulatory + public sector,https://poulschmith.dk,Use website signals + intro call + sample deliverables + references,78,"Use when scope, contracts, management liability, reporting obligations or regulatory interpretation are the primary gap.",●,,,●,●,●,●,●,●,,,,,,●,"Governance, Compliance","Use when scope, contracts, management liability, reporting obligations or regulatory interpretation are the primary gap.",2,6,●,●,,"GRC, Audit",100,75,0
2,Horten,Legal,,"Mid-market, enterprise",Cross-sector; prioritize critical sectors,Medium-High,Cybersecurity / NIS2 / CER / CRA legal advisory,https://www.horten.dk,Use website signals + intro call + sample deliverables + references,83,"Use when scope, contracts, management liability, reporting obligations or regulatory interpretation are the primary gap.",●,,,●,●,●,●,●,●,,,,,,●,"Governance, Compliance","Use when scope, contracts, management liability, reporting obligations or regulatory interpretation are the primary gap.",2,6,●,●,,"GRC, Audit",100,75,0
3,CLEMENS Advokatpartnerselskab,Legal,,"Mid-market, enterprise",Cross-sector; prioritize critical sectors,Medium-High,NIS2 and cybersecurity compliance legal advisory,https://clemenslaw.dk,Use website signals + intro call + sample deliverables + references,83,"Use when scope, contracts, management liability, reporting obligations or regulatory interpretation are the primary gap.",●,,,●,●,●,●,●,●,,,,,,●,"Governance, Compliance","Use when scope, contracts, management liability, reporting obligations or regulatory interpretation are the primary gap.",2,6,●,●,,"GRC, Audit",100,75,0
4,Focus Advokater,Legal,,"Mid-market, enterprise",Cross-sector; prioritize critical sectors,Medium-High,Tech law and cybersecurity / NIS2,https://focus-advokater.dk,Use website signals + intro call + sample deliverables + references,83,"Use when scope, contracts, management liability, reporting obligations or regulatory interpretation are the primary gap.",●,,,●,●,●,●,●,●,,,,,,●,"Governance, Compliance","Use when scope, contracts, management liability, reporting obligations or regulatory interpretation are the primary gap.",2,6,●,●,,"GRC, Audit",100,75,0
5,ComplianceLaw,Legal,,"Mid-market, enterprise",Cross-sector; prioritize critical sectors,Medium-High,Cybersecurity law + implementation + ISO 27001,https://www.compliancelaw.dk,Use website signals + intro call + sample deliverables + references,83,"Use when scope, contracts, management liability, reporting obligations or regulatory interpretation are the primary gap.",●,,,●,●,●,●,●,●,,,,,,●,"Governance, Compliance","Use when scope, contracts, management liability, reporting obligations or regulatory interpretation are the primary gap.",2,6,●,●,,"GRC, Audit",100,75,0
6,Kromann Reumert,Legal,,"Mid-market, enterprise",Cross-sector; prioritize critical sectors,Medium-High,Large law firm; regulatory/cyber capable,https://kromannreumert.com,Use website signals + intro call + sample deliverables + references,68,"Use when scope, contracts, management liability, reporting obligations or regulatory interpretation are the primary gap.",●,,,●,●,●,●,●,●,,,,,,●,"Governance, Compliance","Use when scope, contracts, management liability, reporting obligations or regulatory interpretation are the primary gap.",2,6,●,●,,"GRC, Audit",100,75,0
7,Plesner,Legal,,"Mid-market, enterprise",Cross-sector; prioritize critical sectors,Medium-High,Large law firm; tech/cyber/privacy capability,https://www.plesner.com,Use website signals + intro call + sample deliverables + references,68,"Use when scope, contracts, management liability, reporting obligations or regulatory interpretation are the primary gap.",●,,,●,●,●,●,●,●,,,,,,●,"Governance, Compliance","Use when scope, contracts, management liability, reporting obligations or regulatory interpretation are the primary gap.",2,6,●,●,,"GRC, Audit",100,75,0
8,Bech-Bruun,Legal,,"Mid-market, enterprise",Cross-sector; prioritize critical sectors,Medium-High,Large law firm; cyber/data/privacy capability,https://www.bechbruun.com,Use website signals + intro call + sample deliverables + references,68,"Use when scope, contracts, management liability, reporting obligations or regulatory interpretation are the primary gap.",●,,,●,●,●,●,●,●,,,,,,●,"Governance, Compliance","Use when scope, contracts, management liability, reporting obligations or regulatory interpretation are the primary gap.",2,6,●,●,,"GRC, Audit",100,75,0
9,Gorrissen Federspiel,Legal,,"Mid-market, enterprise",Cross-sector; prioritize critical sectors,Medium-High,Large law firm; tech/cyber/privacy capability,https://gorrissenfederspiel.com,Use website signals + intro call + sample deliverables + references,68,"Use when scope, contracts, management liability, reporting obligations or regulatory interpretation are the primary gap.",●,,,●,●,●,●,●,●,,,,,,●,"Governance, Compliance","Use when scope, contracts, management liability, reporting obligations or regulatory interpretation are the primary gap.",2,6,●,●,,"GRC, Audit",100,75,0
10,Accura,Legal,,"Mid-market, enterprise",Cross-sector; prioritize critical sectors,Medium-High,Large law firm; regulatory / tech transactions,https://accura.dk,Use website signals + intro call + sample deliverables + references,68,"Use when scope, contracts, management liability, reporting obligations or regulatory interpretation are the primary gap.",●,,,●,●,●,●,●,●,,,,,,●,"Governance, Compliance","Use when scope, contracts, management liability, reporting obligations or regulatory interpretation are the primary gap.",2,6,●,●,,"GRC, Audit",100,75,0
11,DLA Piper Denmark,Legal,,"Mid-market, enterprise",Cross-sector; prioritize critical sectors,Medium-High,International law firm; cyber/privacy/regulatory,https://www.dlapiper.com/en/denmark,Use website signals + intro call + sample deliverables + references,68,"Use when scope, contracts, management liability, reporting obligations or regulatory interpretation are the primary gap.",●,,,●,●,●,●,●,●,,,,,,●,"Governance, Compliance","Use when scope, contracts, management liability, reporting obligations or regulatory interpretation are the primary gap.",2,6,●,●,,"GRC, Audit",100,75,0
12,Bird & Bird Denmark,Legal,,"Mid-market, enterprise",Cross-sector; prioritize critical sectors,Medium-High,Tech-focused international law firm,https://www.twobirds.com,Use website signals + intro call + sample deliverables + references,68,"Use when scope, contracts, management liability, reporting obligations or regulatory interpretation are the primary gap.",●,,,●,●,●,●,●,●,,,,,,●,"Governance, Compliance","Use when scope, contracts, management liability, reporting obligations or regulatory interpretation are the primary gap.",2,6,●,●,,"GRC, Audit",100,75,0
13,Bruun & Hjejle,Legal,,"Mid-market, enterprise",Cross-sector; prioritize critical sectors,Medium-High,Large law firm; regulatory/privacy/cyber capable,https://www.bruunhjejle.dk,Use website signals + intro call + sample deliverables + references,68,"Use when scope, contracts, management liability, reporting obligations or regulatory interpretation are the primary gap.",●,,,●,●,●,●,●,●,,,,,,●,"Governance, Compliance","Use when scope, contracts, management liability, reporting obligations or regulatory interpretation are the primary gap.",2,6,●,●,,"GRC, Audit",100,75,0
14,Mazanti-Andersen,Legal,,"Mid-market, enterprise",Cross-sector; prioritize critical sectors,Medium-High,Law firm; tech/privacy/commercial,https://www.mazanti.dk,Use website signals + intro call + sample deliverables + references,68,"Use when scope, contracts, management liability, reporting obligations or regulatory interpretation are the primary gap.",●,,,●,●,●,●,●,●,,,,,,●,"Governance, Compliance","Use when scope, contracts, management liability, reporting obligations or regulatory interpretation are the primary gap.",2,6,●,●,,"GRC, Audit",100,75,0
15,NJORD Law Firm,Legal,,"Mid-market, enterprise",Cross-sector; prioritize critical sectors,Medium-High,Nordic law firm; tech/privacy/compliance,https://www.njordlaw.com,Use website signals + intro call + sample deliverables + references,68,"Use when scope, contracts, management liability, reporting obligations or regulatory interpretation are the primary gap.",●,,,●,●,●,●,●,●,,,,,,●,"Governance, Compliance","Use when scope, contracts, management liability, reporting obligations or regulatory interpretation are the primary gap.",2,6,●,●,,"GRC, Audit",100,75,0
16,DAHL Advokatpartnerselskab,Legal,,"Mid-market, enterprise",Cross-sector; prioritize critical sectors,Medium-High,National law firm; IT/commercial/public,https://www.dahllaw.dk,Use website signals + intro call + sample deliverables + references,68,"Use when scope, contracts, management liability, reporting obligations or regulatory interpretation are the primary gap.",●,,,●,●,●,●,●,●,,,,,,●,"Governance, Compliance","Use when scope, contracts, management liability, reporting obligations or regulatory interpretation are the primary gap.",2,6,●,●,,"GRC, Audit",100,75,0
17,Lund Elmer Sandager,Legal,,"Mid-market, enterprise",Cross-sector; prioritize critical sectors,Medium-High,Law firm; tech/privacy/compliance,https://www.les.dk,Use website signals + intro call + sample deliverables + references,68,"Use when scope, contracts, management liability, reporting obligations or regulatory interpretation are the primary gap.",●,,,●,●,●,●,●,●,,,,,,●,"Governance, Compliance","Use when scope, contracts, management liability, reporting obligations or regulatory interpretation are the primary gap.",2,6,●,●,,"GRC, Audit",100,75,0
18,SIRIUS advokater,Legal,,"Mid-market, enterprise",Cross-sector; prioritize critical sectors,Medium-High,Business law firm; IT/privacy/cyber adjacent,https://siriusadvokater.dk,Use website signals + intro call + sample deliverables + references,68,"Use when scope, contracts, management liability, reporting obligations or regulatory interpretation are the primary gap.",●,,,●,●,●,●,●,●,,,,,,●,"Governance, Compliance","Use when scope, contracts, management liability, reporting obligations or regulatory interpretation are the primary gap.",2,6,●,●,,"GRC, Audit",100,75,0
19,Elmann,Legal,,"Mid-market, enterprise",Cross-sector; prioritize critical sectors,Medium-High,Law firm; IT/privacy/commercial,https://elmann.dk,Use website signals + intro call + sample deliverables + references,68,"Use when scope, contracts, management liability, reporting obligations or regulatory interpretation are the primary gap.",●,,,●,●,●,●,●,●,,,,,,●,"Governance, Compliance","Use when scope, contracts, management liability, reporting obligations or regulatory interpretation are the primary gap.",2,6,●,●,,"GRC, Audit",100,75,0
20,Andersen Partners,Legal,,"Mid-market, enterprise",Cross-sector; prioritize critical sectors,Medium-High,Business law firm,https://andersen-partners.dk,Use website signals + intro call + sample deliverables + references,68,"Use when scope, contracts, management liability, reporting obligations or regulatory interpretation are the primary gap.",●,,,●,●,●,●,●,●,,,,,,●,"Governance, Compliance","Use when scope, contracts, management liability, reporting obligations or regulatory interpretation are the primary gap.",2,6,●,●,,"GRC, Audit",100,75,0
21,Kielberg Advokater,Legal,,"Mid-market, enterprise",Cross-sector; prioritize critical sectors,Medium-High,Regional law firm; business/commercial,https://kielberg.com,Use website signals + intro call + sample deliverables + references,68,"Use when scope, contracts, management liability, reporting obligations or regulatory interpretation are the primary gap.",●,,,●,●,●,●,●,●,,,,,,●,"Governance, Compliance","Use when scope, contracts, management liability, reporting obligations or regulatory interpretation are the primary gap.",2,6,●,●,,"GRC, Audit",100,75,0
22,WSCO Advokatpartnerselskab,Legal,,"Mid-market, enterprise",Cross-sector; prioritize critical sectors,Medium-High,Business law firm,https://wsco.dk,Use website signals + intro call + sample deliverables + references,68,"Use when scope, contracts, management liability, reporting obligations or regulatory interpretation are the primary gap.",●,,,●,●,●,●,●,●,,,,,,●,"Governance, Compliance","Use when scope, contracts, management liability, reporting obligations or regulatory interpretation are the primary gap.",2,6,●,●,,"GRC, Audit",100,75,0
23,DANDERS & MORE,Legal,,"Mid-market, enterprise",Cross-sector; prioritize critical sectors,Medium-High,Business law firm,https://dandersmore.com,Use website signals + intro call + sample deliverables + references,68,"Use when scope, contracts, management liability, reporting obligations or regulatory interpretation are the primary gap.",●,,,●,●,●,●,●,●,,,,,,●,"Governance, Compliance","Use when scope, contracts, management liability, reporting obligations or regulatory interpretation are the primary gap.",2,6,●,●,,"GRC, Audit",100,75,0
24,Magnusson Denmark,Legal,,"Mid-market, enterprise",Cross-sector; prioritize critical sectors,Medium-High,Nordic law firm; tech/privacy/compliance,https://www.magnussonlaw.com,Use website signals + intro call + sample deliverables + references,68,"Use when scope, contracts, management liability, reporting obligations or regulatory interpretation are the primary gap.",●,,,●,●,●,●,●,●,,,,,,●,"Governance, Compliance","Use when scope, contracts, management liability, reporting obligations or regulatory interpretation are the primary gap.",2,6,●,●,,"GRC, Audit",100,75,0
25,Codex Advokater,Legal,,"Mid-market, enterprise",Cross-sector; prioritize critical sectors,Medium-High,Business law firm,https://codexlaw.dk,Use website signals + intro call + sample deliverables + references,68,"Use when scope, contracts, management liability, reporting obligations or regulatory interpretation are the primary gap.",●,,,●,●,●,●,●,●,,,,,,●,"Governance, Compliance","Use when scope, contracts, management liability, reporting obligations or regulatory interpretation are the primary gap.",2,6,●,●,,"GRC, Audit",100,75,0
1,NorthGRC,GRC,,"SMB, mid-market, enterprise",Cross-sector; prioritize critical sectors,Low-Medium to High,GRC platform + NIS2/ISO 27001,https://www.northgrc.dk,Use website signals + intro call + sample deliverables + references,87,"Use when policies, risk registers, ISMS, documentation, supplier controls or board reporting are the primary gap.",●,,●,●,●,●,●,●,●,,,,●,●,●,"Governance, Operational, Compliance","Use when policies, risk registers, ISMS, documentation, supplier controls or board reporting are the primary gap.",3,8,●,●,,"Legal, Audit, Technical",100,75,0
2,Alexandra Instituttet,GRC,,"SMB, mid-market, enterprise",Cross-sector; prioritize critical sectors,Low-Medium to High,NIS2 check / advisory / workshops,https://alexandra.dk,Use website signals + intro call + sample deliverables + references,87,"Use when policies, risk registers, ISMS, documentation, supplier controls or board reporting are the primary gap.",●,,●,●,●,●,●,●,●,,,,●,●,●,"Governance, Operational, Compliance","Use when policies, risk registers, ISMS, documentation, supplier controls or board reporting are the primary gap.",3,8,●,●,,"Legal, Audit, Technical",100,75,0
3,NIBIS Konsulenterne,GRC,,"SMB, mid-market, enterprise",Cross-sector; prioritize critical sectors,Low-Medium to High,ISMS operations / NIS2 / info security,https://nibis.dk,Use website signals + intro call + sample deliverables + references,87,"Use when policies, risk registers, ISMS, documentation, supplier controls or board reporting are the primary gap.",●,,●,●,●,●,●,●,●,,,,●,●,●,"Governance, Operational, Compliance","Use when policies, risk registers, ISMS, documentation, supplier controls or board reporting are the primary gap.",3,8,●,●,,"Legal, Audit, Technical",100,75,0
4,Lekon,GRC,,"SMB, mid-market, enterprise",Cross-sector; prioritize critical sectors,Low-Medium to High,ISO 27001 + NIS2 + documentation,https://lekon.dk,Use website signals + intro call + sample deliverables + references,87,"Use when policies, risk registers, ISMS, documentation, supplier controls or board reporting are the primary gap.",●,,●,●,●,●,●,●,●,,,,●,●,●,"Governance, Operational, Compliance","Use when policies, risk registers, ISMS, documentation, supplier controls or board reporting are the primary gap.",3,8,●,●,,"Legal, Audit, Technical",100,75,0
5,DPO Denmark,GRC,,"SMB, mid-market, enterprise",Cross-sector; prioritize critical sectors,Low-Medium to High,NIS2 implementation + compliance,https://dpo-danmark.dk,Use website signals + intro call + sample deliverables + references,87,"Use when policies, risk registers, ISMS, documentation, supplier controls or board reporting are the primary gap.",●,,●,●,●,●,●,●,●,,,,●,●,●,"Governance, Operational, Compliance","Use when policies, risk registers, ISMS, documentation, supplier controls or board reporting are the primary gap.",3,8,●,●,,"Legal, Audit, Technical",100,75,0
6,Conscient Systems,GRC,,"SMB, mid-market, enterprise",Cross-sector; prioritize critical sectors,Low-Medium to High,Cybersecurity + compliance + training,https://cs1.dk,Use website signals + intro call + sample deliverables + references,72,"Use when policies, risk registers, ISMS, documentation, supplier controls or board reporting are the primary gap.",●,,●,●,●,●,●,●,●,,,,●,●,●,"Governance, Operational, Compliance","Use when policies, risk registers, ISMS, documentation, supplier controls or board reporting are the primary gap.",3,8,●,●,,"Legal, Audit, Technical",100,75,0
7,Vicath EQ,GRC,,"SMB, mid-market, enterprise",Cross-sector; prioritize critical sectors,Low-Medium to High,ISO 27001 / NIS2 advisory,https://vicatheq.dk,Use website signals + intro call + sample deliverables + references,77,"Use when policies, risk registers, ISMS, documentation, supplier controls or board reporting are the primary gap.",●,,●,●,●,●,●,●,●,,,,●,●,●,"Governance, Operational, Compliance","Use when policies, risk registers, ISMS, documentation, supplier controls or board reporting are the primary gap.",3,8,●,●,,"Legal, Audit, Technical",100,75,0
8,NetIP,GRC,,"SMB, mid-market, enterprise",Cross-sector; prioritize critical sectors,Low-Medium to High,IT advisory / ISMS / compliance,https://netip.dk,Use website signals + intro call + sample deliverables + references,72,"Use when policies, risk registers, ISMS, documentation, supplier controls or board reporting are the primary gap.",●,,●,●,●,●,●,●,●,,,,●,●,●,"Governance, Operational, Compliance","Use when policies, risk registers, ISMS, documentation, supplier controls or board reporting are the primary gap.",3,8,●,●,,"Legal, Audit, Technical",100,75,0
9,A. Hoffskov Consult,GRC,,"SMB, mid-market, enterprise",Cross-sector; prioritize critical sectors,Low-Medium to High,ISMS / risk / NIS2 compliance,https://ahoffskov.dk,Use website signals + intro call + sample deliverables + references,77,"Use when policies, risk registers, ISMS, documentation, supplier controls or board reporting are the primary gap.",●,,●,●,●,●,●,●,●,,,,●,●,●,"Governance, Operational, Compliance","Use when policies, risk registers, ISMS, documentation, supplier controls or board reporting are the primary gap.",3,8,●,●,,"Legal, Audit, Technical",100,75,0
10,ChangeGroup,GRC,,"SMB, mid-market, enterprise",Cross-sector; prioritize critical sectors,Low-Medium to High,IT security and compliance / NIS2,https://changegroup.dk,Use website signals + intro call + sample deliverables + references,77,"Use when policies, risk registers, ISMS, documentation, supplier controls or board reporting are the primary gap.",●,,●,●,●,●,●,●,●,,,,●,●,●,"Governance, Operational, Compliance","Use when policies, risk registers, ISMS, documentation, supplier controls or board reporting are the primary gap.",3,8,●,●,,"Legal, Audit, Technical",100,75,0
11,Cyber Partners,GRC,,"SMB, mid-market, enterprise",Cross-sector; prioritize critical sectors,Low-Medium to High,NIS2 advisory and implementation,https://cyberpartners.dk,Use website signals + intro call + sample deliverables + references,77,"Use when policies, risk registers, ISMS, documentation, supplier controls or board reporting are the primary gap.",●,,●,●,●,●,●,●,●,,,,●,●,●,"Governance, Operational, Compliance","Use when policies, risk registers, ISMS, documentation, supplier controls or board reporting are the primary gap.",3,8,●,●,,"Legal, Audit, Technical",100,75,0
12,CareSupport,GRC,,"SMB, mid-market, enterprise",Cross-sector; prioritize critical sectors,Low-Medium to High,NIS2 compliance and certification support,https://caresupport.dk,Use website signals + intro call + sample deliverables + references,77,"Use when policies, risk registers, ISMS, documentation, supplier controls or board reporting are the primary gap.",●,,●,●,●,●,●,●,●,,,,●,●,●,"Governance, Operational, Compliance","Use when policies, risk registers, ISMS, documentation, supplier controls or board reporting are the primary gap.",3,8,●,●,,"Legal, Audit, Technical",100,75,0
13,ComplyChain,GRC,,"SMB, mid-market, enterprise",Cross-sector; prioritize critical sectors,Low-Medium to High,Supply-chain / compliance tooling,https://complychain.dk,Use website signals + intro call + sample deliverables + references,72,"Use when policies, risk registers, ISMS, documentation, supplier controls or board reporting are the primary gap.",●,,●,●,●,●,●,●,●,,,,●,●,●,"Governance, Operational, Compliance","Use when policies, risk registers, ISMS, documentation, supplier controls or board reporting are the primary gap.",3,8,●,●,,"Legal, Audit, Technical",100,75,0
14,RISMA Systems,GRC,,"SMB, mid-market, enterprise",Cross-sector; prioritize critical sectors,Low-Medium to High,GRC workflows / policy / compliance,https://www.rismasystems.com,Use website signals + intro call + sample deliverables + references,72,"Use when policies, risk registers, ISMS, documentation, supplier controls or board reporting are the primary gap.",●,,●,●,●,●,●,●,●,,,,●,●,●,"Governance, Operational, Compliance","Use when policies, risk registers, ISMS, documentation, supplier controls or board reporting are the primary gap.",3,8,●,●,,"Legal, Audit, Technical",100,75,0
15,Wired Relations,GRC,,"SMB, mid-market, enterprise",Cross-sector; prioritize critical sectors,Low-Medium to High,GRC software / ISO 27001 / NIS2,https://www.wiredrelations.com,Use website signals + intro call + sample deliverables + references,77,"Use when policies, risk registers, ISMS, documentation, supplier controls or board reporting are the primary gap.",●,,●,●,●,●,●,●,●,,,,●,●,●,"Governance, Operational, Compliance","Use when policies, risk registers, ISMS, documentation, supplier controls or board reporting are the primary gap.",3,8,●,●,,"Legal, Audit, Technical",100,75,0
16,IFCR,GRC,,"SMB, mid-market, enterprise",Cross-sector; prioritize critical sectors,Low-Medium to High,Governance Risk & Compliance advisory,https://ifcr.dk,Use website signals + intro call + sample deliverables + references,72,"Use when policies, risk registers, ISMS, documentation, supplier controls or board reporting are the primary gap.",●,,●,●,●,●,●,●,●,,,,●,●,●,"Governance, Operational, Compliance","Use when policies, risk registers, ISMS, documentation, supplier controls or board reporting are the primary gap.",3,8,●,●,,"Legal, Audit, Technical",100,75,0
17,GapSolutions,GRC,,"SMB, mid-market, enterprise",Cross-sector; prioritize critical sectors,Low-Medium to High,GRC platform + NIS2 / ISO 27001,https://gapsolutions.dk,Use website signals + intro call + sample deliverables + references,87,"Use when policies, risk registers, ISMS, documentation, supplier controls or board reporting are the primary gap.",●,,●,●,●,●,●,●,●,,,,●,●,●,"Governance, Operational, Compliance","Use when policies, risk registers, ISMS, documentation, supplier controls or board reporting are the primary gap.",3,8,●,●,,"Legal, Audit, Technical",100,75,0
18,vCISO ApS,GRC,,"SMB, mid-market, enterprise",Cross-sector; prioritize critical sectors,Low-Medium to High,Fractional CISO / ISMS / NIS2,https://vciso.dk,Use website signals + intro call + sample deliverables + references,77,"Use when policies, risk registers, ISMS, documentation, supplier controls or board reporting are the primary gap.",●,,●,●,●,●,●,●,●,,,,●,●,●,"Governance, Operational, Compliance","Use when policies, risk registers, ISMS, documentation, supplier controls or board reporting are the primary gap.",3,8,●,●,,"Legal, Audit, Technical",100,75,0
19,Falch Consulting,GRC,,"SMB, mid-market, enterprise",Cross-sector; prioritize critical sectors,Low-Medium to High,Digital regulation + NIS2 advisory,https://falchconsulting.dk,Use website signals + intro call + sample deliverables + references,77,"Use when policies, risk registers, ISMS, documentation, supplier controls or board reporting are the primary gap.",●,,●,●,●,●,●,●,●,,,,●,●,●,"Governance, Operational, Compliance","Use when policies, risk registers, ISMS, documentation, supplier controls or board reporting are the primary gap.",3,8,●,●,,"Legal, Audit, Technical",100,75,0
20,Siscon,GRC,,"SMB, mid-market, enterprise",Cross-sector; prioritize critical sectors,Low-Medium to High,ControlManager GRC platform,https://siscon.dk,Use website signals + intro call + sample deliverables + references,72,"Use when policies, risk registers, ISMS, documentation, supplier controls or board reporting are the primary gap.",●,,●,●,●,●,●,●,●,,,,●,●,●,"Governance, Operational, Compliance","Use when policies, risk registers, ISMS, documentation, supplier controls or board reporting are the primary gap.",3,8,●,●,,"Legal, Audit, Technical",100,75,0
21,Proces360,GRC,,"SMB, mid-market, enterprise",Cross-sector; prioritize critical sectors,Low-Medium to High,ISO 27001 / leased CISO / process design,https://www.proces360.dk,Use website signals + intro call + sample deliverables + references,77,"Use when policies, risk registers, ISMS, documentation, supplier controls or board reporting are the primary gap.",●,,●,●,●,●,●,●,●,,,,●,●,●,"Governance, Operational, Compliance","Use when policies, risk registers, ISMS, documentation, supplier controls or board reporting are the primary gap.",3,8,●,●,,"Legal, Audit, Technical",100,75,0
22,Nesp.ONE,GRC,,"SMB, mid-market, enterprise",Cross-sector; prioritize critical sectors,Low-Medium to High,Cyber and compliance / NIS2 / ISO 27001,https://nespone.dk,Use website signals + intro call + sample deliverables + references,87,"Use when policies, risk registers, ISMS, documentation, supplier controls or board reporting are the primary gap.",●,,●,●,●,●,●,●,●,,,,●,●,●,"Governance, Operational, Compliance","Use when policies, risk registers, ISMS, documentation, supplier controls or board reporting are the primary gap.",3,8,●,●,,"Legal, Audit, Technical",100,75,0
23,Simplitize,GRC,,"SMB, mid-market, enterprise",Cross-sector; prioritize critical sectors,Low-Medium to High,M365-based NIS2 platform,https://simplitize.dk,Use website signals + intro call + sample deliverables + references,77,"Use when policies, risk registers, ISMS, documentation, supplier controls or board reporting are the primary gap.",●,,●,●,●,●,●,●,●,,,,●,●,●,"Governance, Operational, Compliance","Use when policies, risk registers, ISMS, documentation, supplier controls or board reporting are the primary gap.",3,8,●,●,,"Legal, Audit, Technical",100,75,0
24,FieldService,GRC,,"SMB, mid-market, enterprise",Cross-sector; prioritize critical sectors,Low-Medium to High,Compliance software / Danish hosting positioning,https://fieldservice.dk,Use website signals + intro call + sample deliverables + references,72,"Use when policies, risk registers, ISMS, documentation, supplier controls or board reporting are the primary gap.",●,,●,●,●,●,●,●,●,,,,●,●,●,"Governance, Operational, Compliance","Use when policies, risk registers, ISMS, documentation, supplier controls or board reporting are the primary gap.",3,8,●,●,,"Legal, Audit, Technical",100,75,0
25,SecureFirst,GRC,,"SMB, mid-market, enterprise",Cross-sector; prioritize critical sectors,Low-Medium to High,NIS2 platform / gap analysis / dashboards,https://securefirst.dk,Use website signals + intro call + sample deliverables + references,77,"Use when policies, risk registers, ISMS, documentation, supplier controls or board reporting are the primary gap.",●,,●,●,●,●,●,●,●,,,,●,●,●,"Governance, Operational, Compliance","Use when policies, risk registers, ISMS, documentation, supplier controls or board reporting are the primary gap.",3,8,●,●,,"Legal, Audit, Technical",100,75,0
1,Atea Danmark,Technical,,"Mid-market, enterprise",Cross-sector; prioritize critical sectors,Medium-High,Broad infrastructure + cyber delivery,https://www.atea.dk,Use website signals + intro call + sample deliverables + references,80,"Use when architecture, IAM, backup, network hardening, endpoint security or implementation is the primary gap.",,●,●,,,,,,●,●,●,●,,●,,"Technical, Operational","Use when architecture, IAM, backup, network hardening, endpoint security or implementation is the primary gap.",2,5,,●,●,"SOC, GRC",100,75,0
2,Netcompany,Technical,,"Mid-market, enterprise",Cross-sector; prioritize critical sectors,Medium-High,Large digital/IT delivery house,https://www.netcompany.com,Use website signals + intro call + sample deliverables + references,70,"Use when architecture, IAM, backup, network hardening, endpoint security or implementation is the primary gap.",,●,●,,,,,,●,●,●,●,,●,,"Technical, Operational","Use when architecture, IAM, backup, network hardening, endpoint security or implementation is the primary gap.",2,5,,●,●,"SOC, GRC",100,75,0
3,NNIT,Technical,,"Mid-market, enterprise",Cross-sector; prioritize critical sectors,Medium-High,Infrastructure / security / regulated sectors,https://www.nnit.com,Use website signals + intro call + sample deliverables + references,80,"Use when architecture, IAM, backup, network hardening, endpoint security or implementation is the primary gap.",,●,●,,,,,,●,●,●,●,,●,,"Technical, Operational","Use when architecture, IAM, backup, network hardening, endpoint security or implementation is the primary gap.",2,5,,●,●,"SOC, GRC",100,75,0
4,Tietoevry Denmark,Technical,,"Mid-market, enterprise",Cross-sector; prioritize critical sectors,Medium-High,Nordic IT services,https://www.tietoevry.com/dk,Use website signals + intro call + sample deliverables + references,70,"Use when architecture, IAM, backup, network hardening, endpoint security or implementation is the primary gap.",,●,●,,,,,,●,●,●,●,,●,,"Technical, Operational","Use when architecture, IAM, backup, network hardening, endpoint security or implementation is the primary gap.",2,5,,●,●,"SOC, GRC",100,75,0
5,KMD,Technical,,"Mid-market, enterprise",Cross-sector; prioritize critical sectors,Medium-High,Large Danish IT provider,https://www.kmd.dk,Use website signals + intro call + sample deliverables + references,70,"Use when architecture, IAM, backup, network hardening, endpoint security or implementation is the primary gap.",,●,●,,,,,,●,●,●,●,,●,,"Technical, Operational","Use when architecture, IAM, backup, network hardening, endpoint security or implementation is the primary gap.",2,5,,●,●,"SOC, GRC",100,75,0
6,Conscia Danmark,Technical,,"Mid-market, enterprise",Cross-sector; prioritize critical sectors,Medium-High,Network/security integrator,https://conscia.com/dk,Use website signals + intro call + sample deliverables + references,80,"Use when architecture, IAM, backup, network hardening, endpoint security or implementation is the primary gap.",,●,●,,,,,,●,●,●,●,,●,,"Technical, Operational","Use when architecture, IAM, backup, network hardening, endpoint security or implementation is the primary gap.",2,5,,●,●,"SOC, GRC",100,75,0
7,Trifork Security,Technical,,"Mid-market, enterprise",Cross-sector; prioritize critical sectors,Medium-High,Application / cloud / security engineering,https://triforksecurity.com,Use website signals + intro call + sample deliverables + references,70,"Use when architecture, IAM, backup, network hardening, endpoint security or implementation is the primary gap.",,●,●,,,,,,●,●,●,●,,●,,"Technical, Operational","Use when architecture, IAM, backup, network hardening, endpoint security or implementation is the primary gap.",2,5,,●,●,"SOC, GRC",100,75,0
8,Improsec,Technical,,"Mid-market, enterprise",Cross-sector; prioritize critical sectors,Medium-High,Cyber consultancy / pentest / IR,https://improsec.com,Use website signals + intro call + sample deliverables + references,70,"Use when architecture, IAM, backup, network hardening, endpoint security or implementation is the primary gap.",,●,●,,,,,,●,●,●,●,,●,,"Technical, Operational","Use when architecture, IAM, backup, network hardening, endpoint security or implementation is the primary gap.",2,5,,●,●,"SOC, GRC",100,75,0
9,Dubex,Technical,,"Mid-market, enterprise",Cross-sector; prioritize critical sectors,Medium-High,Cybersecurity specialist,https://dubex.dk,Use website signals + intro call + sample deliverables + references,80,"Use when architecture, IAM, backup, network hardening, endpoint security or implementation is the primary gap.",,●,●,,,,,,●,●,●,●,,●,,"Technical, Operational","Use when architecture, IAM, backup, network hardening, endpoint security or implementation is the primary gap.",2,5,,●,●,"SOC, GRC",100,75,0
10,CSIS Security Group,Technical,,"Mid-market, enterprise",Cross-sector; prioritize critical sectors,Medium-High,Threat intelligence / MDR / incident response,https://www.csis.com,Use website signals + intro call + sample deliverables + references,80,"Use when architecture, IAM, backup, network hardening, endpoint security or implementation is the primary gap.",,●,●,,,,,,●,●,●,●,,●,,"Technical, Operational","Use when architecture, IAM, backup, network hardening, endpoint security or implementation is the primary gap.",2,5,,●,●,"SOC, GRC",100,75,0
11,GlobalConnect,Technical,,"Mid-market, enterprise",Cross-sector; prioritize critical sectors,Medium-High,Connectivity + security services,https://globalconnect.dk,Use website signals + intro call + sample deliverables + references,70,"Use when architecture, IAM, backup, network hardening, endpoint security or implementation is the primary gap.",,●,●,,,,,,●,●,●,●,,●,,"Technical, Operational","Use when architecture, IAM, backup, network hardening, endpoint security or implementation is the primary gap.",2,5,,●,●,"SOC, GRC",100,75,0
12,TDC Erhverv,Technical,,"Mid-market, enterprise",Cross-sector; prioritize critical sectors,Medium-High,Connectivity + security + NIS2 advisory,https://tdc.dk/erhverv,Use website signals + intro call + sample deliverables + references,75,"Use when architecture, IAM, backup, network hardening, endpoint security or implementation is the primary gap.",,●,●,,,,,,●,●,●,●,,●,,"Technical, Operational","Use when architecture, IAM, backup, network hardening, endpoint security or implementation is the primary gap.",2,5,,●,●,"SOC, GRC",100,75,0
13,itm8,Technical,,"Mid-market, enterprise",Cross-sector; prioritize critical sectors,Medium-High,Managed IT + security + NIS2 advisory,https://itm8.dk,Use website signals + intro call + sample deliverables + references,85,"Use when architecture, IAM, backup, network hardening, endpoint security or implementation is the primary gap.",,●,●,,,,,,●,●,●,●,,●,,"Technical, Operational","Use when architecture, IAM, backup, network hardening, endpoint security or implementation is the primary gap.",2,5,,●,●,"SOC, GRC",100,75,0
14,ADmire,Technical,,"Mid-market, enterprise",Cross-sector; prioritize critical sectors,Medium-High,NIS2 advisory + managed security,https://www.admire.dk,Use website signals + intro call + sample deliverables + references,85,"Use when architecture, IAM, backup, network hardening, endpoint security or implementation is the primary gap.",,●,●,,,,,,●,●,●,●,,●,,"Technical, Operational","Use when architecture, IAM, backup, network hardening, endpoint security or implementation is the primary gap.",2,5,,●,●,"SOC, GRC",100,75,0
15,NetNordic Denmark,Technical,,"Mid-market, enterprise",Cross-sector; prioritize critical sectors,Medium-High,Security + network + compliance,https://netnordicdenmark.dk,Use website signals + intro call + sample deliverables + references,80,"Use when architecture, IAM, backup, network hardening, endpoint security or implementation is the primary gap.",,●,●,,,,,,●,●,●,●,,●,,"Technical, Operational","Use when architecture, IAM, backup, network hardening, endpoint security or implementation is the primary gap.",2,5,,●,●,"SOC, GRC",100,75,0
16,Orange Cyberdefense Denmark,Technical,,"Mid-market, enterprise",Cross-sector; prioritize critical sectors,Medium-High,Security operations + consulting,https://orangecyberdefense.com/dk,Use website signals + intro call + sample deliverables + references,80,"Use when architecture, IAM, backup, network hardening, endpoint security or implementation is the primary gap.",,●,●,,,,,,●,●,●,●,,●,,"Technical, Operational","Use when architecture, IAM, backup, network hardening, endpoint security or implementation is the primary gap.",2,5,,●,●,"SOC, GRC",100,75,0
17,Proact Denmark,Technical,,"Mid-market, enterprise",Cross-sector; prioritize critical sectors,Medium-High,Infrastructure / resilience / security,https://www.proact.dk,Use website signals + intro call + sample deliverables + references,70,"Use when architecture, IAM, backup, network hardening, endpoint security or implementation is the primary gap.",,●,●,,,,,,●,●,●,●,,●,,"Technical, Operational","Use when architecture, IAM, backup, network hardening, endpoint security or implementation is the primary gap.",2,5,,●,●,"SOC, GRC",100,75,0
18,Unit IT,Technical,,"Mid-market, enterprise",Cross-sector; prioritize critical sectors,Medium-High,IT operations + cyber services,https://www.unitit.dk,Use website signals + intro call + sample deliverables + references,70,"Use when architecture, IAM, backup, network hardening, endpoint security or implementation is the primary gap.",,●,●,,,,,,●,●,●,●,,●,,"Technical, Operational","Use when architecture, IAM, backup, network hardening, endpoint security or implementation is the primary gap.",2,5,,●,●,"SOC, GRC",100,75,0
19,CyberNordic,Technical,,"Mid-market, enterprise",Cross-sector; prioritize critical sectors,Medium-High,Cybersecurity consulting,https://cybernordic.dk,Use website signals + intro call + sample deliverables + references,70,"Use when architecture, IAM, backup, network hardening, endpoint security or implementation is the primary gap.",,●,●,,,,,,●,●,●,●,,●,,"Technical, Operational","Use when architecture, IAM, backup, network hardening, endpoint security or implementation is the primary gap.",2,5,,●,●,"SOC, GRC",100,75,0
20,Ravn IT,Technical,,"Mid-market, enterprise",Cross-sector; prioritize critical sectors,Medium-High,SMB IT/security + NIS2 advisory,https://www.ravnit.dk,Use website signals + intro call + sample deliverables + references,75,"Use when architecture, IAM, backup, network hardening, endpoint security or implementation is the primary gap.",,●,●,,,,,,●,●,●,●,,●,,"Technical, Operational","Use when architecture, IAM, backup, network hardening, endpoint security or implementation is the primary gap.",2,5,,●,●,"SOC, GRC",100,75,0
21,IBM Danmark,Technical,,"Mid-market, enterprise",Cross-sector; prioritize critical sectors,Medium-High,Large enterprise cyber delivery,https://www.ibm.com/dk-da,Use website signals + intro call + sample deliverables + references,70,"Use when architecture, IAM, backup, network hardening, endpoint security or implementation is the primary gap.",,●,●,,,,,,●,●,●,●,,●,,"Technical, Operational","Use when architecture, IAM, backup, network hardening, endpoint security or implementation is the primary gap.",2,5,,●,●,"SOC, GRC",100,75,0
22,Kyndryl Denmark,Technical,,"Mid-market, enterprise",Cross-sector; prioritize critical sectors,Medium-High,Managed infrastructure and security,https://www.kyndryl.com/dk/da,Use website signals + intro call + sample deliverables + references,70,"Use when architecture, IAM, backup, network hardening, endpoint security or implementation is the primary gap.",,●,●,,,,,,●,●,●,●,,●,,"Technical, Operational","Use when architecture, IAM, backup, network hardening, endpoint security or implementation is the primary gap.",2,5,,●,●,"SOC, GRC",100,75,0
23,DXC Technology Denmark,Technical,,"Mid-market, enterprise",Cross-sector; prioritize critical sectors,Medium-High,Enterprise IT services,https://dxc.com/dk/da,Use website signals + intro call + sample deliverables + references,70,"Use when architecture, IAM, backup, network hardening, endpoint security or implementation is the primary gap.",,●,●,,,,,,●,●,●,●,,●,,"Technical, Operational","Use when architecture, IAM, backup, network hardening, endpoint security or implementation is the primary gap.",2,5,,●,●,"SOC, GRC",100,75,0
24,CGI Denmark,Technical,,"Mid-market, enterprise",Cross-sector; prioritize critical sectors,Medium-High,Consulting + cyber delivery,https://www.cgi.com/danmark,Use website signals + intro call + sample deliverables + references,70,"Use when architecture, IAM, backup, network hardening, endpoint security or implementation is the primary gap.",,●,●,,,,,,●,●,●,●,,●,,"Technical, Operational","Use when architecture, IAM, backup, network hardening, endpoint security or implementation is the primary gap.",2,5,,●,●,"SOC, GRC",100,75,0
25,twoday Denmark,Technical,,"Mid-market, enterprise",Cross-sector; prioritize critical sectors,Medium-High,Nordic digital services / security capability,https://www.twoday.dk,Use website signals + intro call + sample deliverables + references,70,"Use when architecture, IAM, backup, network hardening, endpoint security or implementation is the primary gap.",,●,●,,,,,,●,●,●,●,,●,,"Technical, Operational","Use when architecture, IAM, backup, network hardening, endpoint security or implementation is the primary gap.",2,5,,●,●,"SOC, GRC",100,75,0
1,CapMon,SOC,,"SMB, mid-market, enterprise",Cross-sector; prioritize critical sectors,Medium-High,SIEM/SOC/MDR + NIS2 implementation,https://capmon.dk,Use website signals + intro call + sample deliverables + references,88,"Use when logging, monitoring, MDR/SOC, incident response or 24/7 operations are the primary gap.",,●,●,,,,,,●,●,●,●,,●,,"Technical, Operational","Use when logging, monitoring, MDR/SOC, incident response or 24/7 operations are the primary gap.",2,5,,●,●,Technical,100,75,0
2,CSIS Security Group,SOC,,"SMB, mid-market, enterprise",Cross-sector; prioritize critical sectors,Medium-High,MDR / threat intel / IR,https://www.csis.com,Use website signals + intro call + sample deliverables + references,83,"Use when logging, monitoring, MDR/SOC, incident response or 24/7 operations are the primary gap.",,●,●,,,,,,●,●,●,●,,●,,"Technical, Operational","Use when logging, monitoring, MDR/SOC, incident response or 24/7 operations are the primary gap.",2,5,,●,●,Technical,100,75,0
3,Dubex,SOC,,"SMB, mid-market, enterprise",Cross-sector; prioritize critical sectors,Medium-High,SOC / IR / cyber operations,https://dubex.dk,Use website signals + intro call + sample deliverables + references,83,"Use when logging, monitoring, MDR/SOC, incident response or 24/7 operations are the primary gap.",,●,●,,,,,,●,●,●,●,,●,,"Technical, Operational","Use when logging, monitoring, MDR/SOC, incident response or 24/7 operations are the primary gap.",2,5,,●,●,Technical,100,75,0
4,Orange Cyberdefense Denmark,SOC,,"SMB, mid-market, enterprise",Cross-sector; prioritize critical sectors,Medium-High,Managed detection and response,https://orangecyberdefense.com/dk,Use website signals + intro call + sample deliverables + references,83,"Use when logging, monitoring, MDR/SOC, incident response or 24/7 operations are the primary gap.",,●,●,,,,,,●,●,●,●,,●,,"Technical, Operational","Use when logging, monitoring, MDR/SOC, incident response or 24/7 operations are the primary gap.",2,5,,●,●,Technical,100,75,0
5,NetNordic Denmark,SOC,,"SMB, mid-market, enterprise",Cross-sector; prioritize critical sectors,Medium-High,SOC + security services,https://netnordicdenmark.dk,Use website signals + intro call + sample deliverables + references,83,"Use when logging, monitoring, MDR/SOC, incident response or 24/7 operations are the primary gap.",,●,●,,,,,,●,●,●,●,,●,,"Technical, Operational","Use when logging, monitoring, MDR/SOC, incident response or 24/7 operations are the primary gap.",2,5,,●,●,Technical,100,75,0
6,TDC Erhverv,SOC,,"SMB, mid-market, enterprise",Cross-sector; prioritize critical sectors,Medium-High,Managed security operations,https://tdc.dk/erhverv,Use website signals + intro call + sample deliverables + references,73,"Use when logging, monitoring, MDR/SOC, incident response or 24/7 operations are the primary gap.",,●,●,,,,,,●,●,●,●,,●,,"Technical, Operational","Use when logging, monitoring, MDR/SOC, incident response or 24/7 operations are the primary gap.",2,5,,●,●,Technical,100,75,0
7,Atea Danmark,SOC,,"SMB, mid-market, enterprise",Cross-sector; prioritize critical sectors,Medium-High,Security operations + managed services,https://www.atea.dk,Use website signals + intro call + sample deliverables + references,83,"Use when logging, monitoring, MDR/SOC, incident response or 24/7 operations are the primary gap.",,●,●,,,,,,●,●,●,●,,●,,"Technical, Operational","Use when logging, monitoring, MDR/SOC, incident response or 24/7 operations are the primary gap.",2,5,,●,●,Technical,100,75,0
8,NNIT,SOC,,"SMB, mid-market, enterprise",Cross-sector; prioritize critical sectors,Medium-High,Security operations for regulated sectors,https://www.nnit.com,Use website signals + intro call + sample deliverables + references,83,"Use when logging, monitoring, MDR/SOC, incident response or 24/7 operations are the primary gap.",,●,●,,,,,,●,●,●,●,,●,,"Technical, Operational","Use when logging, monitoring, MDR/SOC, incident response or 24/7 operations are the primary gap.",2,5,,●,●,Technical,100,75,0
9,itm8,SOC,,"SMB, mid-market, enterprise",Cross-sector; prioritize critical sectors,Medium-High,Managed security / NIS2 advisory,https://itm8.dk,Use website signals + intro call + sample deliverables + references,88,"Use when logging, monitoring, MDR/SOC, incident response or 24/7 operations are the primary gap.",,●,●,,,,,,●,●,●,●,,●,,"Technical, Operational","Use when logging, monitoring, MDR/SOC, incident response or 24/7 operations are the primary gap.",2,5,,●,●,Technical,100,75,0
10,GlobalConnect,SOC,,"SMB, mid-market, enterprise",Cross-sector; prioritize critical sectors,Medium-High,Network + security monitoring,https://globalconnect.dk,Use website signals + intro call + sample deliverables + references,73,"Use when logging, monitoring, MDR/SOC, incident response or 24/7 operations are the primary gap.",,●,●,,,,,,●,●,●,●,,●,,"Technical, Operational","Use when logging, monitoring, MDR/SOC, incident response or 24/7 operations are the primary gap.",2,5,,●,●,Technical,100,75,0
11,Kyndryl Denmark,SOC,,"SMB, mid-market, enterprise",Cross-sector; prioritize critical sectors,Medium-High,Enterprise managed security,https://www.kyndryl.com/dk/da,Use website signals + intro call + sample deliverables + references,73,"Use when logging, monitoring, MDR/SOC, incident response or 24/7 operations are the primary gap.",,●,●,,,,,,●,●,●,●,,●,,"Technical, Operational","Use when logging, monitoring, MDR/SOC, incident response or 24/7 operations are the primary gap.",2,5,,●,●,Technical,100,75,0
12,IBM Danmark,SOC,,"SMB, mid-market, enterprise",Cross-sector; prioritize critical sectors,Medium-High,Enterprise SOC/MDR,https://www.ibm.com/dk-da,Use website signals + intro call + sample deliverables + references,73,"Use when logging, monitoring, MDR/SOC, incident response or 24/7 operations are the primary gap.",,●,●,,,,,,●,●,●,●,,●,,"Technical, Operational","Use when logging, monitoring, MDR/SOC, incident response or 24/7 operations are the primary gap.",2,5,,●,●,Technical,100,75,0
13,Conscia Danmark,SOC,,"SMB, mid-market, enterprise",Cross-sector; prioritize critical sectors,Medium-High,Managed network/security operations,https://conscia.com/dk,Use website signals + intro call + sample deliverables + references,83,"Use when logging, monitoring, MDR/SOC, incident response or 24/7 operations are the primary gap.",,●,●,,,,,,●,●,●,●,,●,,"Technical, Operational","Use when logging, monitoring, MDR/SOC, incident response or 24/7 operations are the primary gap.",2,5,,●,●,Technical,100,75,0
14,Proact Denmark,SOC,,"SMB, mid-market, enterprise",Cross-sector; prioritize critical sectors,Medium-High,Monitoring / operations / resilience,https://www.proact.dk,Use website signals + intro call + sample deliverables + references,73,"Use when logging, monitoring, MDR/SOC, incident response or 24/7 operations are the primary gap.",,●,●,,,,,,●,●,●,●,,●,,"Technical, Operational","Use when logging, monitoring, MDR/SOC, incident response or 24/7 operations are the primary gap.",2,5,,●,●,Technical,100,75,0
15,Improsec,SOC,,"SMB, mid-market, enterprise",Cross-sector; prioritize critical sectors,Medium-High,Detection / response / testing,https://improsec.com,Use website signals + intro call + sample deliverables + references,73,"Use when logging, monitoring, MDR/SOC, incident response or 24/7 operations are the primary gap.",,●,●,,,,,,●,●,●,●,,●,,"Technical, Operational","Use when logging, monitoring, MDR/SOC, incident response or 24/7 operations are the primary gap.",2,5,,●,●,Technical,100,75,0
16,Trifork Security,SOC,,"SMB, mid-market, enterprise",Cross-sector; prioritize critical sectors,Medium-High,AppSec + monitoring/response,https://triforksecurity.com,Use website signals + intro call + sample deliverables + references,73,"Use when logging, monitoring, MDR/SOC, incident response or 24/7 operations are the primary gap.",,●,●,,,,,,●,●,●,●,,●,,"Technical, Operational","Use when logging, monitoring, MDR/SOC, incident response or 24/7 operations are the primary gap.",2,5,,●,●,Technical,100,75,0
17,Logpoint,SOC,,"SMB, mid-market, enterprise",Cross-sector; prioritize critical sectors,Medium-High,Danish SIEM / detection platform,https://logpoint.com,Use website signals + intro call + sample deliverables + references,83,"Use when logging, monitoring, MDR/SOC, incident response or 24/7 operations are the primary gap.",,●,●,,,,,,●,●,●,●,,●,,"Technical, Operational","Use when logging, monitoring, MDR/SOC, incident response or 24/7 operations are the primary gap.",2,5,,●,●,Technical,100,75,0
18,Muninn,SOC,,"SMB, mid-market, enterprise",Cross-sector; prioritize critical sectors,Medium-High,Threat intelligence / attack surface,https://www.muninn.ai,Use website signals + intro call + sample deliverables + references,73,"Use when logging, monitoring, MDR/SOC, incident response or 24/7 operations are the primary gap.",,●,●,,,,,,●,●,●,●,,●,,"Technical, Operational","Use when logging, monitoring, MDR/SOC, incident response or 24/7 operations are the primary gap.",2,5,,●,●,Technical,100,75,0
19,Secomea,SOC,,"SMB, mid-market, enterprise",Cross-sector; prioritize critical sectors,Medium-High,OT/remote access security,https://www.secomea.com,Use website signals + intro call + sample deliverables + references,73,"Use when logging, monitoring, MDR/SOC, incident response or 24/7 operations are the primary gap.",,●,●,,,,,,●,●,●,●,,●,,"Technical, Operational","Use when logging, monitoring, MDR/SOC, incident response or 24/7 operations are the primary gap.",2,5,,●,●,Technical,100,75,0
20,Aeven,SOC,,"SMB, mid-market, enterprise",Cross-sector; prioritize critical sectors,Medium-High,Managed infrastructure and security operations,https://aeven.io,Use website signals + intro call + sample deliverables + references,73,"Use when logging, monitoring, MDR/SOC, incident response or 24/7 operations are the primary gap.",,●,●,,,,,,●,●,●,●,,●,,"Technical, Operational","Use when logging, monitoring, MDR/SOC, incident response or 24/7 operations are the primary gap.",2,5,,●,●,Technical,100,75,0
21,Keepit,SOC,,"SMB, mid-market, enterprise",Cross-sector; prioritize critical sectors,Medium-High,"Backup/resilience, useful for recovery",https://www.keepit.com,Use website signals + intro call + sample deliverables + references,73,"Use when logging, monitoring, MDR/SOC, incident response or 24/7 operations are the primary gap.",,●,●,,,,,,●,●,●,●,,●,,"Technical, Operational","Use when logging, monitoring, MDR/SOC, incident response or 24/7 operations are the primary gap.",2,5,,●,●,Technical,100,75,0
22,Omada,SOC,,"SMB, mid-market, enterprise",Cross-sector; prioritize critical sectors,Medium-High,Identity governance / access,https://omadaidentity.com,Use website signals + intro call + sample deliverables + references,73,"Use when logging, monitoring, MDR/SOC, incident response or 24/7 operations are the primary gap.",,●,●,,,,,,●,●,●,●,,●,,"Technical, Operational","Use when logging, monitoring, MDR/SOC, incident response or 24/7 operations are the primary gap.",2,5,,●,●,Technical,100,75,0
23,itm8,SOC,,"SMB, mid-market, enterprise",Cross-sector; prioritize critical sectors,Medium-High,Managed security / identity / operations,https://itm8.dk,Use website signals + intro call + sample deliverables + references,83,"Use when logging, monitoring, MDR/SOC, incident response or 24/7 operations are the primary gap.",,●,●,,,,,,●,●,●,●,,●,,"Technical, Operational","Use when logging, monitoring, MDR/SOC, incident response or 24/7 operations are the primary gap.",2,5,,●,●,Technical,100,75,0
24,Conscia Danmark,SOC,,"SMB, mid-market, enterprise",Cross-sector; prioritize critical sectors,Medium-High,Managed security operations,https://conscia.com/dk,Use website signals + intro call + sample deliverables + references,83,"Use when logging, monitoring, MDR/SOC, incident response or 24/7 operations are the primary gap.",,●,●,,,,,,●,●,●,●,,●,,"Technical, Operational","Use when logging, monitoring, MDR/SOC, incident response or 24/7 operations are the primary gap.",2,5,,●,●,Technical,100,75,0
25,Unit IT,SOC,,"SMB, mid-market, enterprise",Cross-sector; prioritize critical sectors,Medium-High,Managed IT/security operations,https://www.unitit.dk,Use website signals + intro call + sample deliverables + references,73,"Use when logging, monitoring, MDR/SOC, incident response or 24/7 operations are the primary gap.",,●,●,,,,,,●,●,●,●,,●,,"Technical, Operational","Use when logging, monitoring, MDR/SOC, incident response or 24/7 operations are the primary gap.",2,5,,●,●,Technical,100,75,0
1,PwC Denmark,Audit,,"Mid-market, enterprise",Cross-sector; prioritize critical sectors,Medium-High,Risk assurance / NIS2 / supplier assurance,https://www.pwc.dk,Use website signals + intro call + sample deliverables + references,82,"Use when you need independent assurance, ISAE 3000, readiness review or supplier assurance evidence.",●,,,●,●,●,●,●,●,,,,,●,●,"Governance, Compliance","Use when you need independent assurance, ISAE 3000, readiness review or supplier assurance evidence.",2,7,●,●,,"GRC, Legal",100,75,0
2,Deloitte Denmark,Audit,,"Mid-market, enterprise",Cross-sector; prioritize critical sectors,Medium-High,Cyber + controls + assurance,https://www2.deloitte.com/dk/da.html,Use website signals + intro call + sample deliverables + references,77,"Use when you need independent assurance, ISAE 3000, readiness review or supplier assurance evidence.",●,,,●,●,●,●,●,●,,,,,●,●,"Governance, Compliance","Use when you need independent assurance, ISAE 3000, readiness review or supplier assurance evidence.",2,7,●,●,,"GRC, Legal",100,75,0
3,EY Denmark,Audit,,"Mid-market, enterprise",Cross-sector; prioritize critical sectors,Medium-High,Cyber + risk + assurance,https://www.ey.com/da_dk,Use website signals + intro call + sample deliverables + references,77,"Use when you need independent assurance, ISAE 3000, readiness review or supplier assurance evidence.",●,,,●,●,●,●,●,●,,,,,●,●,"Governance, Compliance","Use when you need independent assurance, ISAE 3000, readiness review or supplier assurance evidence.",2,7,●,●,,"GRC, Legal",100,75,0
4,KPMG Denmark,Audit,,"Mid-market, enterprise",Cross-sector; prioritize critical sectors,Medium-High,Cyber + risk + assurance,https://kpmg.com/dk/da/home.html,Use website signals + intro call + sample deliverables + references,77,"Use when you need independent assurance, ISAE 3000, readiness review or supplier assurance evidence.",●,,,●,●,●,●,●,●,,,,,●,●,"Governance, Compliance","Use when you need independent assurance, ISAE 3000, readiness review or supplier assurance evidence.",2,7,●,●,,"GRC, Legal",100,75,0
5,BDO Denmark,Audit,,"Mid-market, enterprise",Cross-sector; prioritize critical sectors,Medium-High,Risk services / cyber / NIS2,https://www.bdo.dk,Use website signals + intro call + sample deliverables + references,82,"Use when you need independent assurance, ISAE 3000, readiness review or supplier assurance evidence.",●,,,●,●,●,●,●,●,,,,,●,●,"Governance, Compliance","Use when you need independent assurance, ISAE 3000, readiness review or supplier assurance evidence.",2,7,●,●,,"GRC, Legal",100,75,0
6,Grant Thornton Denmark,Audit,,"Mid-market, enterprise",Cross-sector; prioritize critical sectors,Medium-High,IT audit / NIS2 / ISAE 3000,https://www.grantthornton.dk,Use website signals + intro call + sample deliverables + references,82,"Use when you need independent assurance, ISAE 3000, readiness review or supplier assurance evidence.",●,,,●,●,●,●,●,●,,,,,●,●,"Governance, Compliance","Use when you need independent assurance, ISAE 3000, readiness review or supplier assurance evidence.",2,7,●,●,,"GRC, Legal",100,75,0
7,Beierholm,Audit,,"Mid-market, enterprise",Cross-sector; prioritize critical sectors,Medium-High,IT revision + NIS2 assessment,https://www.beierholm.dk,Use website signals + intro call + sample deliverables + references,82,"Use when you need independent assurance, ISAE 3000, readiness review or supplier assurance evidence.",●,,,●,●,●,●,●,●,,,,,●,●,"Governance, Compliance","Use when you need independent assurance, ISAE 3000, readiness review or supplier assurance evidence.",2,7,●,●,,"GRC, Legal",100,75,0
8,Inforevision,Audit,,"Mid-market, enterprise",Cross-sector; prioritize critical sectors,Medium-High,ISAE 3000 / NIS2 documentation,https://inforevision.dk,Use website signals + intro call + sample deliverables + references,82,"Use when you need independent assurance, ISAE 3000, readiness review or supplier assurance evidence.",●,,,●,●,●,●,●,●,,,,,●,●,"Governance, Compliance","Use when you need independent assurance, ISAE 3000, readiness review or supplier assurance evidence.",2,7,●,●,,"GRC, Legal",100,75,0
9,Bureau Veritas Denmark,Audit,,"Mid-market, enterprise",Cross-sector; prioritize critical sectors,Medium-High,Certification / assessment / NIS2,https://www.bureauveritas.dk,Use website signals + intro call + sample deliverables + references,82,"Use when you need independent assurance, ISAE 3000, readiness review or supplier assurance evidence.",●,,,●,●,●,●,●,●,,,,,●,●,"Governance, Compliance","Use when you need independent assurance, ISAE 3000, readiness review or supplier assurance evidence.",2,7,●,●,,"GRC, Legal",100,75,0
10,DNV Business Assurance Denmark,Audit,,"Mid-market, enterprise",Cross-sector; prioritize critical sectors,Medium-High,Assurance / ISAE / NIS2,https://www.dnv.dk,Use website signals + intro call + sample deliverables + references,82,"Use when you need independent assurance, ISAE 3000, readiness review or supplier assurance evidence.",●,,,●,●,●,●,●,●,,,,,●,●,"Governance, Compliance","Use when you need independent assurance, ISAE 3000, readiness review or supplier assurance evidence.",2,7,●,●,,"GRC, Legal",100,75,0
11,Mazars Denmark,Audit,,"Mid-market, enterprise",Cross-sector; prioritize critical sectors,Medium-High,Audit and advisory,https://www.forvismazars.com/dk,Use website signals + intro call + sample deliverables + references,67,"Use when you need independent assurance, ISAE 3000, readiness review or supplier assurance evidence.",●,,,●,●,●,●,●,●,,,,,●,●,"Governance, Compliance","Use when you need independent assurance, ISAE 3000, readiness review or supplier assurance evidence.",2,7,●,●,,"GRC, Legal",100,75,0
12,RSM Denmark,Audit,,"Mid-market, enterprise",Cross-sector; prioritize critical sectors,Medium-High,Audit and advisory,https://www.rsm.global/denmark,Use website signals + intro call + sample deliverables + references,67,"Use when you need independent assurance, ISAE 3000, readiness review or supplier assurance evidence.",●,,,●,●,●,●,●,●,,,,,●,●,"Governance, Compliance","Use when you need independent assurance, ISAE 3000, readiness review or supplier assurance evidence.",2,7,●,●,,"GRC, Legal",100,75,0
13,Redmark,Audit,,"Mid-market, enterprise",Cross-sector; prioritize critical sectors,Medium-High,Audit/advisory,https://redmark.dk,Use website signals + intro call + sample deliverables + references,67,"Use when you need independent assurance, ISAE 3000, readiness review or supplier assurance evidence.",●,,,●,●,●,●,●,●,,,,,●,●,"Governance, Compliance","Use when you need independent assurance, ISAE 3000, readiness review or supplier assurance evidence.",2,7,●,●,,"GRC, Legal",100,75,0
14,Baker Tilly Denmark,Audit,,"Mid-market, enterprise",Cross-sector; prioritize critical sectors,Medium-High,Audit/advisory,https://bakertilly.dk,Use website signals + intro call + sample deliverables + references,67,"Use when you need independent assurance, ISAE 3000, readiness review or supplier assurance evidence.",●,,,●,●,●,●,●,●,,,,,●,●,"Governance, Compliance","Use when you need independent assurance, ISAE 3000, readiness review or supplier assurance evidence.",2,7,●,●,,"GRC, Legal",100,75,0
15,Dansk Revision,Audit,,"Mid-market, enterprise",Cross-sector; prioritize critical sectors,Medium-High,Audit/advisory,https://danskrevision.dk,Use website signals + intro call + sample deliverables + references,67,"Use when you need independent assurance, ISAE 3000, readiness review or supplier assurance evidence.",●,,,●,●,●,●,●,●,,,,,●,●,"Governance, Compliance","Use when you need independent assurance, ISAE 3000, readiness review or supplier assurance evidence.",2,7,●,●,,"GRC, Legal",100,75,0
16,Azets Insight,Audit,,"Mid-market, enterprise",Cross-sector; prioritize critical sectors,Medium-High,Audit/advisory,https://www.azets.dk,Use website signals + intro call + sample deliverables + references,67,"Use when you need independent assurance, ISAE 3000, readiness review or supplier assurance evidence.",●,,,●,●,●,●,●,●,,,,,●,●,"Governance, Compliance","Use when you need independent assurance, ISAE 3000, readiness review or supplier assurance evidence.",2,7,●,●,,"GRC, Legal",100,75,0
17,Martinsen,Audit,,"Mid-market, enterprise",Cross-sector; prioritize critical sectors,Medium-High,Audit/advisory,https://www.martinsen.dk,Use website signals + intro call + sample deliverables + references,67,"Use when you need independent assurance, ISAE 3000, readiness review or supplier assurance evidence.",●,,,●,●,●,●,●,●,,,,,●,●,"Governance, Compliance","Use when you need independent assurance, ISAE 3000, readiness review or supplier assurance evidence.",2,7,●,●,,"GRC, Legal",100,75,0
18,Christensen Kjærulff,Audit,,"Mid-market, enterprise",Cross-sector; prioritize critical sectors,Medium-High,Audit/advisory,https://www.ck.dk,Use website signals + intro call + sample deliverables + references,67,"Use when you need independent assurance, ISAE 3000, readiness review or supplier assurance evidence.",●,,,●,●,●,●,●,●,,,,,●,●,"Governance, Compliance","Use when you need independent assurance, ISAE 3000, readiness review or supplier assurance evidence.",2,7,●,●,,"GRC, Legal",100,75,0
19,Crowe Denmark,Audit,,"Mid-market, enterprise",Cross-sector; prioritize critical sectors,Medium-High,Audit/advisory,https://crowe.com/dk,Use website signals + intro call + sample deliverables + references,67,"Use when you need independent assurance, ISAE 3000, readiness review or supplier assurance evidence.",●,,,●,●,●,●,●,●,,,,,●,●,"Governance, Compliance","Use when you need independent assurance, ISAE 3000, readiness review or supplier assurance evidence.",2,7,●,●,,"GRC, Legal",100,75,0
20,ECIT Danmark,Audit,,"Mid-market, enterprise",Cross-sector; prioritize critical sectors,Medium-High,Accounting/audit/IT advisory,https://www.ecit.com/dk,Use website signals + intro call + sample deliverables + references,67,"Use when you need independent assurance, ISAE 3000, readiness review or supplier assurance evidence.",●,,,●,●,●,●,●,●,,,,,●,●,"Governance, Compliance","Use when you need independent assurance, ISAE 3000, readiness review or supplier assurance evidence.",2,7,●,●,,"GRC, Legal",100,75,0
21,Aros Revision,Audit,,"Mid-market, enterprise",Cross-sector; prioritize critical sectors,Medium-High,Audit/advisory,https://arosrevision.dk,Use website signals + intro call + sample deliverables + references,67,"Use when you need independent assurance, ISAE 3000, readiness review or supplier assurance evidence.",●,,,●,●,●,●,●,●,,,,,●,●,"Governance, Compliance","Use when you need independent assurance, ISAE 3000, readiness review or supplier assurance evidence.",2,7,●,●,,"GRC, Legal",100,75,0
22,Ri Statsautoriseret Revision,Audit,,"Mid-market, enterprise",Cross-sector; prioritize critical sectors,Medium-High,Audit/advisory,https://ri.dk,Use website signals + intro call + sample deliverables + references,67,"Use when you need independent assurance, ISAE 3000, readiness review or supplier assurance evidence.",●,,,●,●,●,●,●,●,,,,,●,●,"Governance, Compliance","Use when you need independent assurance, ISAE 3000, readiness review or supplier assurance evidence.",2,7,●,●,,"GRC, Legal",100,75,0
23,BHL Revision,Audit,,"Mid-market, enterprise",Cross-sector; prioritize critical sectors,Medium-High,Audit/advisory,https://bhlrevision.dk,Use website signals + intro call + sample deliverables + references,67,"Use when you need independent assurance, ISAE 3000, readiness review or supplier assurance evidence.",●,,,●,●,●,●,●,●,,,,,●,●,"Governance, Compliance","Use when you need independent assurance, ISAE 3000, readiness review or supplier assurance evidence.",2,7,●,●,,"GRC, Legal",100,75,0
24,Revisionsinstituttet,Audit,,"Mid-market, enterprise",Cross-sector; prioritize critical sectors,Medium-High,Audit/advisory,https://ri.dk,Use website signals + intro call + sample deliverables + references,67,"Use when you need independent assurance, ISAE 3000, readiness review or supplier assurance evidence.",●,,,●,●,●,●,●,●,,,,,●,●,"Governance, Compliance","Use when you need independent assurance, ISAE 3000, readiness review or supplier assurance evidence.",2,7,●,●,,"GRC, Legal",100,75,0
25,ReviPoint,Audit,,"Mid-market, enterprise",Cross-sector; prioritize critical sectors,Medium-High,Audit/advisory,https://www.revipoint.dk,Use website signals + intro call + sample deliverables + references,67,"Use when you need independent assurance, ISAE 3000, readiness review or supplier assurance evidence.",●,,,●,●,●,●,●,●,,,,,●,●,"Governance, Compliance","Use when you need independent assurance, ISAE 3000, readiness review or supplier assurance evidence.",2,7,●,●,,"GRC, Legal",100,75,0
